"","Hybrid_ID","Nfinal","Phyllochron","Leaf_tip_emerg","First_LiguloChrone","tt_firstligule_sinceapp","c","a","potKernelWt","GNmax","GrainNoMax","Res.Tnight","resp.Ri","GN15cor","SensiRAD","b"
"1","11430_H",16,0.0248145064020489,3.29858855838549,0.0176034536787238,73.8440190712488,3.81969705240466,4.3345284752041,363.297490461626,531.946896962948,4489.63181036728,-361.885900472872,4980.6311178494,7.68760788831774,0.41,-0.656733036572273
"2","A3_H",15,0.0241678006598917,3.38026558314394,0.014982850098208,60.3655729063548,4.05017921428344,4.43117632205928,365.495408783833,539.105988745664,4301.06759725941,-413.181360462004,5608.17841703679,9.47480516782068,0.33,-0.674203584442685
"3","A310_H",16,0.0211304796873399,3.10097265740066,0.0142154143756756,71.4301409356445,4.49305749422023,4.91712172194026,360.021556589691,464.812869662118,3818.38004802895,-213.428504418365,3319.95628688417,2.22835630542229,0.79,-0.707773758061893
"5","A374_H",17,0.0219223974495697,3.57069065016652,0.0150643300995097,60.8650568807372,5.59751808577064,5.22238379754277,339.987988642954,685.267250438528,5203.01267250581,-401.17003751938,5454.58843981116,6.83525661048291,0.35,-0.791491870901415
"6","A375_H",16,0.02400512579628,3.24584181520251,0.014982850098208,60.3655729063548,6.75628129511027,5.24385667856184,375.714601396657,530.500701671693,4477.42592210909,-289.920602476248,4831.5046423659,7.38274335393121,0.11,-0.879326122169358
"7","A554_H",15,0.0240892411601868,3.64261694432075,0.0136908976973603,30.0116926554021,3.45566284396398,4.09026013717342,368.085262245176,474.299130761404,4003.08466362625,-302.35422888998,4534.43711593297,6.62458511756802,0.35,-0.62913924357247
"9","B100_H",16,0.0254074222540864,3.18536854217501,0.0163954197133681,68.6421374051755,7.92818464337216,5.81191481660152,382.05332406903,552.954855417252,4386.8049862042,-266.185158631025,4660.37643282658,9.00287296021424,0.27,-0.96815639596761
"10","B104_H",17,0.0238600683068428,3.52765500315063,0.0149578126516282,58.3820809780532,5.00896529991926,4.76362519593888,380.995168639055,534.642532200388,4394.76161468719,-417.748992592266,5296.74870981134,8.48537693565672,0.25,-0.74687956973388
"11","B105_H",16,0.0258723509814025,3.16227104723002,0.0163954197133681,68.6421374051755,6.06022681114607,5.37693157813236,361.919554250064,481.597320811848,3958.72997707339,-419.314924442364,5638.82301359391,9.55331527108329,0.07,-0.826565192284872
"13","B107_H",16,0.0220361686544701,3.44300691637033,0.0149578126516282,58.3820809780532,3.21472688540654,3.92688949552956,401.313025921198,553.126929575378,4424.38333554554,-289.384789482687,4188.77055364802,6.79722954026916,0.29,-0.610876297913816
"14","B108_H",17,0.0210900273550408,3.62492147150429,0.0152421900638036,53.9708049142708,5.56025358997003,4.86705919052988,368.601737554002,483.004300389249,4029.59453920311,-179.745416758451,3556.72771932475,9.59926737224423,0.68,-0.788667222119728
"16","B110_H",17,0.0252590457862381,3.30869673738271,0.0143368738977841,45.8724598261753,4.75627354619869,4.6736036703874,367.662730396966,588.551019120303,4967.37060137536,-242.21111675935,4705.08918609035,8.40786293286319,0.7,-0.727725534801861
"17","B113_H",17,0.0242054008898262,3.644353961736,0.0157336648975582,42.9048625746676,6.30057229566188,4.93872732596547,322.99000259181,636.216390141011,5369.66633279013,-346.374140286788,4886.14902676443,8.98062216916612,0.54,-0.84478338001117
"18","B37_H",16,0.0218415601687995,3.28583688066954,0.0148542383358188,71.8481041950887,4.41038279895551,4.8337748846739,369.060875538093,519.953376052546,4274.01675115193,-386.953981284044,5103.19224615443,8.96939470426655,0.94,-0.701507016160828
"19","B73_H",16,0.0194202217687335,2.94453340920125,0.0116570164136586,51.5779522615835,3.52356815567652,4.25,343.283878203125,610.129065112506,5015.2609152248,-408.58407124737,5702.3150166639,9.28814974569936,0.75,-0.63428646620028
"20","B84_H",16,0.0232201977081916,3.49012170336085,0.0150322550905593,41.2024076463854,3.84889755949118,4.57083205469019,371.393625793602,516.997340596816,4363.45755463713,-283.881976924172,4430.96202511546,5.53737298149403,0.63,-0.658946435009431
"21","B89_H",15,0.0249970226420701,3.34989280536255,0.0157494435129443,55.7883835082225,4.58971525733278,4.49916809088819,383.147373615219,507.136446731474,4280.23161041364,-360.492509554938,5325.1773029656,9.01285669104449,0.6,-0.715100416505825
"22","B97_H",16,0.0213934904247777,3.34663293498097,0.0137961830653771,59.1550299423195,6.18787328468347,5.24177986846932,360.381385146896,632.780187863339,4950.3033812719,-332.389270587383,4890.49719426082,8.06840392829906,0.67,-0.836240794979007
"25","CO109_H",15,0.0201811885232779,3.13126084895235,0.012506323188562,64.5788970689568,5.08359432252958,5.35659096151683,382.411240623756,458.108794960788,3731.41987403333,-284.733292022248,4078.16663849616,4.62736015301676,0.36,-0.752536449647742
"26","CR1Ht_H",16,0.0213068399438112,3.72136461343412,0.0147991382657146,58.8787893963363,5.79987989280885,5.38683036713598,349.894014865507,505.464885237743,4035.77329250666,-319.86155226748,4931.2345839935,8.95477571818153,0.47,-0.806830895874911
"27","D09_H",15,0.0268183975321931,3.33353075887797,0.0163796410979821,56.2790956621443,5.01372638940833,4.72640541913135,333.196713318318,599.485314261954,4021.21503671324,-324.260678936039,4832.20823192452,5.46620358618521,0.36,-0.747240460317151
"29","DK4676A_H",16,0.0240581429461633,3.3175062992021,0.0143368738977841,45.8724598261753,4.50542913591164,3.25998815774701,372.943319572087,580.768820742273,4050.2317485565,-276.121351601063,4147.56042019118,5.93472074771443,0.24,-0.708711528502102
"30","DK78010_H",17,0.0248625010075664,3.43104270193894,0.0163115012778761,49.4343493806162,4.24175062029894,3.75915151395356,373.014377209304,602.145868649542,4328.53311296312,-308.943643032089,4410.65684085608,6.48249573534539,0.61,-0.68872469701866
"31","DK78371A_H",16,0.021431387378434,3.57213651215189,0.0142698996779788,54.6941504535371,4.27837241275346,4.69952828329282,390.254086400606,553.58619159978,4617.76780275367,-390.103653197962,4586.4008354924,10.507612184025,0.82,-0.691500628886712
"32","DKFAPW_H",16,0.0262194355670813,3.72382113548007,0.0174998991591404,32.8457686690063,4.90997791770784,4.75389630256098,330.441958384228,549.165818619682,4514.14302905379,-422.058504256454,5766.9169596524,7.27510552642725,0.69,-0.739376326162254
"33","DKFBHJ_H",16,0.0238349325941979,3.28260010308179,0.014982850098208,60.3655729063548,4.51088106826508,4.55169039288709,365.958433606161,511.578512047675,4131.50339702647,-268.98831467941,4240.84856591299,7.30216948926712,0.6,-0.709124784974493
"34","DKIBO2_H",16,0.025913038657506,3.68587400823554,0.0156483773616275,22.7289661536731,5.9683137356867,4.85564896622884,364.280884070456,545.80176935344,4606.56693334303,-348.253077429251,4820.0410624712,8.10051295105638,0.21,-0.819598181165052
"35","DKMBST_H",16,0.0206166213132397,3.47280082336587,0.0142012989855778,54.0502183072088,6.77936754005292,5.32040512210534,359.765657706748,613.185601725445,4947.74502710986,-488.018929589199,5728.06419162124,8.53053515819363,0.94,-0.881076059536011
"37","EA1163_H",16,0.0246555561209656,3.08357920035993,0.0151014572403411,68.2979520209128,6.16069892231434,5.6762939704683,328.484371770217,430.952247874669,3526.85679495891,-264.1481475179,4054.8093708611,7.18254819355778,0.07,-0.834180978311427
"39","EC136_H",15,0.0230687024619827,3.2987370055738,0.0151907420304948,57.0402593030026,4.74092916735288,4.59512359892659,360.988985243797,569.919316333618,4132.71275247882,-292.253565825528,4536.70911961953,7.28329128943765,0.24,-0.726562430885348
"40","EC140_H",16,0.0229132657908609,3.33715896313074,0.0149578126516282,58.3820809780532,5.47012329618055,4.82216630570566,348.057692000289,670.886367423753,4604.38680708924,-335.879502398593,4936.49791258919,9.2905857769308,0.36,-0.781835345850486
"41","EC151_H",17,0.0238430766970879,3.36281733307022,0.0168049026971958,61.2479497380049,2.78120726636851,3.65876529870354,320.142091759506,615.408035463608,4511.27237158968,-319.510828694916,4334.3599526915,6.15000059996886,0.4,-0.578015510790733
"42","EC169_H",17,0.0236737088345604,3.32794818820259,0.0163954197133681,68.6421374051755,4.62386656299949,4.42310934464805,351.149188473743,554.530646780127,4680.23865882427,-383.056805338475,4602.35005429932,5.7709077903153,0.34,-0.717689085475361
"43","EC175_H",16,0.0262107295516826,3.31907014916263,0.0163796410979821,56.2790956621443,5.53122387871277,4.89530671152141,333.790494872494,532.213783967806,3999.44563366557,-342.571317153005,4650.59506415063,7.70157295474803,0.46,-0.786466770006428
"44","EC232_H",16,0.0225405637607614,3.22610466991135,0.0151014572403411,68.2979520209128,5.02064233206142,4.61558150139871,373.30218734531,485.537286867148,3691.10559519671,-285.403540385877,4068.8006771829,5.53177409127821,0.62,-0.747764688770256
"45","EC242C_H",17,0.0251770872126808,3.79158251118914,0.0184410732456489,48.2746420638177,5.7538638740737,4.86577364315488,367.280965171909,665.905220629871,4413.61665364374,-385.686223996484,4860.6248710803,5.64594528982898,0.8,-0.803342881654786
"46","EC334_H",16,0.0260402797768535,3.50586877618203,0.0163954197133681,68.6421374051755,5.0698748546808,4.87592367355906,360.373022146302,738.966013255366,4379.63005901781,-380.9344194181,5552.33514350849,9.75239067068449,0.05,-0.751496513984804
"47","EP10_H",15,0.0236942352235119,3.31790106206121,0.014798178677683,69.4453947411056,4.11933161291365,4.79097788106324,334.350778296791,418.906597318773,3535.57168137044,-311.21112973098,4091.3160597804,4.88246944696012,0.52,-0.679445336258855
"49","EP2008-22_H",15,0.0251253136405932,3.03972250814266,0.0163954197133681,68.6421374051755,4.91032155104484,4.47064621512848,381.412616892824,486.230786468371,3986.62452069214,-320.787777393612,4776.58460393529,7.03690672731726,0.25,-0.739402373569199
"50","EP29_H",16,0.0223545997430918,3.19628316804521,0.0142794445306837,67.7121633464397,3.98029534225453,4.30467511340621,351.68742409081,589.174257868787,4799.24807604169,-377.360495967306,5130.78808521549,6.98193786624344,0.31,-0.668906386942894
"51","EP51_H",16,0.0259563596789672,3.21906294675187,0.0163954197133681,68.6421374051755,5.0237493298469,5.02273217804844,334.36047785053,421.211065916482,3555.02139633511,-286.193836637158,4206.12139007151,8.7256719119288,0.25,-0.748000199202395
"55","EP72_H",16,0.0221147591223292,3.30594748224962,0.0142698996779788,54.6941504535371,3.49895259614983,4.17639787188487,290.396270334831,574.948946693688,4852.56911009473,-376.055025760382,4534.97917399783,6.50006628473697,0.62,-0.632420606788157
"56","EP77_H",15,0.0238917452633487,3.39366784410946,0.0163954197133681,68.6421374051755,4.63705010491137,5.69227921846798,296.243191308032,501.968616085913,4042.35469093309,-355.373570447106,5462.26746452231,9.37777395342458,0.36,-0.718688397952282
"59","EZ31_H",17,0.025615026743118,3.35272833907303,0.0169574774783,62.1041138034753,5.44080886685894,5.08563268288443,370.413382394587,558.453924520621,4713.35112295404,-373.024751404849,5078.05523210887,9.77444900508948,0.69,-0.779613312107908
"61","EZ36_H",16,0.0220031973621526,3.19566353138524,0.0152921102590336,69.528017495823,6.120358106426,4.87779061898448,345.479714107886,560.94259824779,4499.6082360883,-246.703752942873,4450.10531068553,8.68497784227104,0.05,-0.831123144467091
"62","EZ37_H",17,0.0257904604769541,3.29514611900611,0.0175876750633378,62.3348168935213,2.76323692585356,4.25385521753417,398.715744066874,577.250377748274,4700.37895291637,-392.903531485456,4823.6828687015,6.30871731464796,0.29,-0.5766533589797
"63","EZ38_H",16,0.0241824412598384,3.0232486103312,0.0147685173792649,66.3856915640197,7.01976583014292,6.17464505488969,393.250294791624,557.395895566478,4704.42135858107,-340.454346966291,4786.77804516891,8.63437928989407,0.29,-0.899298249924833
"64","EZ40_H",16,0.0218017584900508,3.3659453918911,0.0149939974825111,67.4964303733021,2.53218984665424,3.70760829413177,324.109693556028,761.018789146681,4818.54916104333,-335.023435872116,5034.23388142693,8.27258254494177,0.27,-0.559139990376391
"66","EZ47_H",15,0.024172590447133,3.2250500133386,0.0161312279000263,66.8937826058375,7.03601131404152,5.47437159887303,350.445156307132,620.746782756496,3715.79705165066,-286.964023849897,5136.7322900412,10.6534093486024,0.68,-0.900529657604348
"68","F04401_H",16,0.0214635000910642,3.29231192154329,0.0135920888900597,48.1105706167579,5.54247547971526,4.244810959342,392.246724865996,617.098911053032,4452.60211155858,-274.00749512739,4160.9664618188,6.19314739105397,0.83,-0.787319641362417
"69","F04402_H",16,0.0229999186500298,3.42131288770788,0.0139688165449374,57.6283953920823,4.98865280289157,4.13132523000675,410.390455217029,497.724994861158,4004.90540110578,-261.189164902458,3990.01425071399,6.83081327911419,1.35,-0.745339882459181
"71","F04702_H",15,0.0221022517054775,3.38053068837436,0.0144434978896579,63.4633521938358,5.71351667646702,5.123821603737,401.018103487461,554.896844686989,4683.32936915819,-396.305941147708,4812.73365926072,7.84711269964204,0.89,-0.8002845640762
"72","F05101_H",16,0.0240754053315713,3.27479225497132,0.0165140268555013,75.8365561493358,6.24948878601639,5.42502907387043,386.852926278447,639.437788564203,4426.2072250335,-382.659412293903,5195.91638770565,7.29689036087084,0.2,-0.840911249980043
"73","F05404_H",16,0.0234531141385017,3.30207408761047,0.0164354756837659,64.8052086976113,5.1731994077222,4.52050286826837,360.251713135316,771.900863753061,4609.13695132648,-318.54486338603,5136.1353872006,9.41921397891939,0.6,-0.759328515105343
"76","F218_H",15,0.0259248724231205,3.16401346796052,0.0163954197133681,68.6421374051755,5.64042539750967,5.04685521195544,387.468571339233,537.703293402138,3492.28183920874,-281.121589735703,3912.54460210736,3.62689786694443,0.74,-0.794744245131233
"77","F252_H",15,0.0248832006543984,3.6477882411135,0.0157336648975582,42.9048625746676,6.49210866564518,4.97266710407485,334.471586104988,397.971772654039,3020.89441722759,-240.368218233384,3851.53171587105,5.87100987596106,0.65,-0.859301836855904
"78","F353_H",15,0.023276901532822,3.37066145284859,0.015969870480281,70.7072572328565,6.04341002910536,5.63429408120135,342.408329814636,576.289011415479,4383.28618752004,-363.356003186254,4818.02064954989,6.21743394532661,0.34,-0.825290480206186
"79","F354_H",15,0.0215359971482545,3.47552345593292,0.0150643300995097,60.8650568807372,4.7902209202024,4.30450331515741,318.455237506043,652.093227832966,4239.31686249467,-188.817633992699,4124.31998264482,6.5776931830181,0.65,-0.730298745751342
"80","F608_H",15,0.0223953012254934,3.31465233275059,0.0152921102590336,69.528017495823,4.54263873952271,4.35403490792451,325.044569905272,535.694884031122,4295.67051972876,-324.531542861672,5379.39955146757,10.8454868288022,0.44,-0.711532016455822
"81","F618_H",16,0.0231486913061036,3.35774342395881,0.0161312279000263,66.8937826058375,4.26678429926435,4.70408802788802,391.553984489895,642.900556804429,4417.23151391437,-439.310417224515,5547.28819869916,6.27959569402004,0.32,-0.690622249884238
"82","F7001_H",17,0.0248340074269765,2.97552254850631,0.0163954197133681,68.6421374051755,5.58696419966879,4.83941741313203,332.687162197375,564.264002368807,4244.5398411044,-312.937277509516,4419.34318412841,6.01498431294067,0.24,-0.790691886334894
"83","F7019_H",16,0.0261969700032164,3.27123346681835,0.0157494435129443,55.7883835082225,6.3207343031338,6.01166944789678,378.896087377894,507.333571653704,3782.67505783902,-297.250248063266,4457.62747239894,6.0038733680654,0.13,-0.846311660177542
"84","F7025_H",16,0.0255456416234508,3.34363727658569,0.0157494435129443,55.7883835082225,6.31644480396993,4.89310479068215,353.928004633736,502.799227774339,4004.5237872078,-343.788458833225,4866.68636260418,7.59777320948355,0.41,-0.845986516140921
"85","F7028_H",16,0.0234007792083118,3.55085900614713,0.016941698862914,50.1451391321967,5.31263469912845,4.6356212159549,382.091717842681,669.045336532509,4600.2204781954,-337.757568189334,5148.735035715,7.00331713295541,0.54,-0.769897710193936
"87","F7058_H",16,0.0215759523445752,3.4877637823211,0.014982850098208,60.3655729063548,4.8023617554017,4.7112540789082,315.21093792447,625.229208748485,4300.42989900322,-320.413286814162,4569.27220354844,6.45105144101553,0.39,-0.731219021059449
"88","F7081_H",17,0.024775563319694,3.62471130709584,0.0176034536787238,73.8440190712488,7.59174302638861,5.81448696651634,429.413729353358,662.047203743545,4790.09154704905,-371.806146072716,4767.94372738208,5.10992590342061,0.85,-0.942654121400257
"89","F7082_H",16,0.0232348969983432,3.80693950686095,0.0144403433962718,12.5466769071517,6.21279590321801,5.32491493515858,335.928946543205,677.709623946438,3978.15549256559,-322.620092836987,4557.20166194775,4.51159151563671,0.24,-0.838129929463925
"90","F712_H",17,0.0245691105908593,3.12717042699038,0.0182336512637617,73.660790330271,5.42265240955999,5.00001114296331,339.981125857483,579.041416957393,4357.29778037304,-403.715097706741,4951.49806368303,7.86880789646521,0.01,-0.778237052644647
"91","F748_H",16,0.0218480357620921,3.27772092326066,0.0150249790971708,65.84634115675,3.66349667620545,4.36283689687507,370.402168251363,557.802717623726,4701.88743039481,-340.123319284246,5187.27058081031,9.45927326727433,0.45,-0.644893048056373
"92","F752_H",16,0.0236188695046122,3.68657019284149,0.0136908976973603,30.0116926554021,3.28160158062707,4.21297247993242,428.796221961573,599.362801221223,4657.22232997686,-325.798237663198,4883.44918354311,10.3309414503287,0.38,-0.615945399811532
"93","F838_H",17,0.0210672134345743,3.26404387512852,0.0137961830653771,59.1550299423195,5.33280796859222,5.54355671383484,329.284958410142,604.178501730233,4453.85555413591,-281.794563937904,4371.33121866532,8.08191093694228,1.07,-0.771426844019291
"94","F874_H",15,0.0227385054098918,3.52707745794319,0.0150643300995097,60.8650568807372,4.54600911432007,4.44724930511548,376.385143793845,426.762267885971,3194.66311110814,-342.461391068668,4428.68637832017,5.15639990578013,0.17,-0.711787490865462
"95","F888_H",16,0.0261288268464476,3.40194713918314,0.0166276791720873,52.8150283333527,4.78981634181625,4.85259506155136,361.158585309586,518.953450048899,4246.43473260338,-370.886032514791,5251.5835111669,10.1626179518961,0.7,-0.730268078709671
"97","F908_H",16,0.0231893645828172,3.56409825038053,0.0163954197133681,68.6421374051755,3.85118756806799,3.97369791280392,343.586897905307,637.661367290719,3768.95592986172,-309.422985554343,4365.74759529245,6.96820967637274,0.24,-0.659120017659554
"98","F912_H",15,0.0234278654312488,3.53396400724473,0.0147541028083473,49.5351938715176,5.73985251012943,5.45354564783437,352.111595111551,709.364499077223,4163.9696095833,-434.203356140574,5737.00240329991,8.53843525061465,0.45,-0.802280820267811
"99","F918_H",17,0.0232239757565762,3.44865657738801,0.014982850098208,60.3655729063548,4.04091670762347,4.84358704479323,380.732521967083,542.355794273017,3940.00712585537,-314.44211602206,4419.18899933636,5.9727911727761,0.67,-0.673501486437859
"100","F922_H",16,0.0231057564807161,3.57724336803325,0.0166276791720873,52.8150283333527,6.46566239147244,4.73231262445679,338.522978698203,735.480319398675,4527.1631637933,-322.905050825067,4663.93087577111,5.92548317500958,0.58,-0.857297209273611
"101","F924_H",16,0.0217918636608856,3.26432644331291,0.0144583288351637,69.1136191275252,5.49792094087952,5.02877255427868,343.455325405332,713.442018569445,5242.21398224715,-303.401727344099,4764.23210598801,8.26558049641208,0.67,-0.783942407318668
"102","F98902_H",16,0.0242396701743884,3.5789660415928,0.016941698862914,50.1451391321967,5.27650479461742,4.73373072464381,349.573960083308,678.589124792141,4924.20894252204,-439.978301592906,5828.22379507217,9.07078577288758,0.34,-0.767159063432
"103","FP1_H",15,0.0260823087142285,3.11926086005035,0.0159788166395807,70.7658691496268,6.05791940790823,5.79787384512961,304.847270563434,533.915769349468,4388.78762405263,-384.161875939502,5586.69480245441,7.95764763772692,0.57,-0.826390291119444
"104","FR19_H",16,0.0260836327400336,2.93905269272511,0.0163954197133681,68.6421374051755,4.06401215224329,4.12979916465773,331.860146999784,582.013117041995,4333.82861710432,-290.86084239989,4467.70950038377,6.52843802914248,0.12,-0.675252121140041
"106","H99_H",16,0.0206698824137289,3.95401480217907,0.0129386488124901,26.1029732356331,4.77985373427919,4.62920796433585,395.73145100289,612.811855393037,3778.51152044151,-313.387549808818,4850.97808842577,7.61239617318646,1.12,-0.729512913058362
"107","HMV5301_H",15,0.0187588794597334,3.60182288672809,0.0138601835888114,67.3694461848763,6.46764368696646,5.16049190421798,418.152951335555,523.377845789685,3797.13139064597,-272.462375034462,4628.23463214037,7.45157957192364,0.91,-0.857447391472058
"108","HMV5325_H",16,0.0237889224118342,3.1497562529175,0.0161312279000263,66.8937826058375,5.86796738127709,4.67980495504873,330.790924235614,562.442133987278,4341.16310997389,-298.781174176831,4663.46989457708,7.60775808680398,0.2,-0.811991927500803
"109","HMV5343_H",16,0.0218083212422727,3.72123004429449,0.0157494435129443,55.7883835082225,4.09951466143916,4.41637138288441,410.078428067429,512.687280118435,4327.08064419959,-236.857839885551,3954.59442115813,5.82335948251018,0.1,-0.677943211337088
"110","HMV5347_H",16,0.0257636397103023,3.48936296072736,0.016941698862914,50.1451391321967,5.30227337262506,4.55980677012655,350.062258465569,582.950056671392,3793.91526420664,-206.233160323355,4016.31225614977,6.77367155743203,0.86,-0.76911232164498
"111","HMV5405_H",17,0.022328918317757,3.6093802039689,0.0143368738977841,45.8724598261753,5.10099028576764,4.17153616939354,389.62650298131,583.720808488877,4159.52569691788,-279.44968782204,4251.68106004929,6.33010919986847,0.88,-0.753855063661188
"112","HMV5409_H",16,0.0226709822966907,3.1451013376611,0.0141655038245558,66.7569326367257,4.30374027745515,4.90335566259086,391.80479314474,494.400891728571,3957.68723242833,-278.506126044792,4383.07495671414,6.38895292361017,1.09,-0.6934235130311
"114","HMV5502_H",17,0.026884446369015,3.20314636180365,0.0156130476832458,60.6956273174626,6.49378889785738,5.01883768462718,401.447491812745,572.771380197142,4834.19044886388,-307.209064649446,4815.34712298013,7.39995025574377,0.16,-0.85942919845759
"115","I198_H",16,0.021423843490386,3.39036179496665,0.0142698996779788,54.6941504535371,5.40948799064576,4.8304809766158,310.834809032935,630.743310419911,4892.30761224976,-352.666292906186,5138.32493384714,9.26968923873423,0.87,-0.777239189690949
"116","I238_H",16,0.0216124265509265,3.25560253622445,0.0139204893653725,59.5325541093955,4.66640594549382,4.52301990007999,305.610164671441,684.976523526382,5389.50087519707,-369.963184553503,5384.80187319317,8.36732543133098,0.47,-0.720913570668432
"118","I261_H",16,0.0210304294149538,3.27084376049353,0.0131085885425611,57.2043568556763,3.76801046302735,3.93393490813667,341.082991307002,537.2085251617,4469.00078867346,-405.242260970599,5286.49807692485,7.80342567447263,0.21,-0.652815193097473
"119","I267_H",17,0.0225988839355007,3.41283130891193,0.0149578126516282,58.3820809780532,6.88843455617158,5.67006337453115,336.347432079237,550.116769850978,4303.56762363945,-248.77749837033,3683.01806785497,9.32928518902693,0.35,-0.889343339357806
"120","IDT_H",16,0.0219683897999595,3.36118833258832,0.0129047972974178,50.5923387899754,5.63158998141806,4.59391920174758,402.500653039725,465.978415715498,3473.12011288491,-280.915056133625,3980.83478200774,7.3760376584562,0.39,-0.794074520591489
"121","LAN496_H",17,0.0252085732870402,3.43663217573749,0.0175876750633378,62.3348168935213,4.75615693529842,4.56255120795003,340.837196493625,577.139455279406,4744.08632239672,-419.145866130494,4987.58521947122,7.68056480269126,0.24,-0.727716695695621
"122","LH123Ht_H",15,0.0217841678077536,3.2254535609808,0.0134746953083824,63.9621873477444,4.99778450612767,5.62245580365421,314.244737361462,820.898141869509,4818.67209277402,-430.881213106658,5924.15727907302,10.7469477838954,0.26,-0.746032065564477
"123","LH145_H",16,0.0257634876605961,3.48938686644015,0.0163796410979821,56.2790956621443,3.6933935035705,4.4541552848011,340.885202287571,636.982677785365,4176.81073531752,-345.909312306782,4837.3066793465,5.83997336694118,0.62,-0.647159227570644
"125","LH39_H",15,0.0236790200893171,3.28711313673143,0.0145662470244205,62.4585401527928,5.24383656902936,6.14903365064001,367.921364482686,630.116530018394,4349.17284891368,-448.374831807617,5749.24521386627,8.70059878744618,0.69,-0.764682811932425
"126","LH59_H",16,0.0175237975840629,3.15347456244107,0.0121570768779209,63.3953868702814,6.96040756349495,5.2271198538933,357.684539533043,592.291734860185,4998.94224221996,-296.575593828251,4605.76139490874,11.1846298721495,0.51,-0.894798893312917
"127","LH60_H",16,0.0210682622465352,3.56382718378207,0.0133785139100195,46.1374333995944,4.14186817141536,3.88745003905432,348.240021818791,682.985493743509,4521.57686894303,-291.10032009519,4903.98321515886,9.8049841353923,0.85,-0.681153607393284
"129","LH74_H",16,0.0243396846594558,3.3032414629916,0.014982850098208,60.3655729063548,3.73158871745107,4.22310880531976,368.573916553075,603.388116511228,5092.59570335476,-379.614406814022,5297.51610988735,8.22384385687613,0.46,-0.650054424782791
"130","LH82_H",16,0.0223962753642038,3.71351839116139,0.0149985330208398,28.6041089241282,4.12521452152988,3.51540281552921,316.061361163292,600.883837863639,4958.14248100384,-353.480110280306,5226.44798784401,6.86860673474252,0.07,-0.679891260731965
"131","LH93_H",16,0.0215297841367008,3.36847377104111,0.0135669430672045,61.6231440463404,3.69092196276556,4.00596506212184,328.457871525783,780.52702726461,4890.30002154761,-300.794175639906,4606.47993545482,11.4528893802992,0.78,-0.64697188477763
"132","Lo1016_H",15,0.0222578062106674,3.76318932718317,0.0139476651690076,33.8427964666058,3.32472379329778,5.22022059188587,339.408603155806,652.236073388968,5361.38052325732,-466.142640869362,6396.07993107617,7.86091553008271,0.34,-0.619214063531971
"133","Lo1026_H",16,0.0245494664872177,3.44025893213596,0.0169574774783,62.1041138034753,3.34314527949044,4.33096163074517,342.714745276364,588.032491363484,4833.62707900784,-350.024746182443,5713.07891025119,10.3290998189774,0.87,-0.620610412185376
"134","Lo1035_H",17,0.0218877554613897,3.6136335800938,0.0147991382657146,58.8787893963363,4.19769261352884,5.15378589409388,335.128333911355,720.988057546635,4753.66963027475,-350.236473218046,5055.14438988197,10.8300010438907,0.25,-0.685385100105486
"135","Lo1038_H",17,0.0214501913667317,3.56755651353897,0.014710483151478,56.8734883891432,3.88211179755635,4.00237453907067,333.003298435932,785.974083841978,6460.70696918106,-420.523754540396,5610.35013705927,11.8039222948733,0.6,-0.661464074254771
"136","Lo1056_H",16,0.0217963400702782,2.99673492146276,0.0134209839541447,65.4942876680093,6.44668818488166,4.85960991595029,353.313543232777,668.108483337847,4789.94077541673,-399.675514244179,5263.95916000317,9.39509519717487,0.63,-0.85585896441403
"137","Lo1063_H",17,0.0222976986042102,3.4315449720357,0.0147125740306343,42.7822441185843,3.45548419596102,3.90620658268891,344.080982909121,664.365223646489,4984.96104477771,-379.542142406131,5087.13957661653,7.40880397280851,0.31,-0.629125702053846
"138","Lo1087_H",17,0.0211044824331819,3.08474384441741,0.0132352043561153,53.6940153406191,4.92598443160234,4.07577478747158,352.917737803422,702.071941731171,5771.03136103023,-392.808250051478,5371.48749033459,10.5542517739849,0.09,-0.740589619915457
"139","Lo1094_H",16,0.0220277631702982,3.49908946891152,0.0161312279000263,66.8937826058375,4.39581827086541,4.65222795503902,334.13204782953,671.250685918826,5105.4862716054,-437.182346269315,6177.81357774753,8.65815967832746,0.19,-0.700403024931598
"140","Lo1095_H",17,0.0224448408993968,3.45918274079005,0.0135806875599492,38.6605404083146,6.67552784129662,4.76893709815435,398.068123887476,650.4459033103,5346.66532521067,-460.755927112051,5611.10350941502,9.36286218708375,1.36,-0.873205010370284
"142","Lo1106_H",16,0.0222891341283392,3.38765659914502,0.0149578126516282,58.3820809780532,5.20834837983401,4.8367838572667,350.276175824615,673.905009288102,5539.4991763482,-450.618408688427,6279.84322692571,11.0569445392193,0.13,-0.761992807191418
"144","Lo1124_H",16,0.0204812298990034,3.40364274855676,0.0138091556139203,63.8397424074648,4.48133594466841,4.52000406254223,397.009399451225,550.782675200399,4258.57052273766,-329.862723432703,4799.43336133839,8.06593745502804,0.86,-0.706885264605866
"145","Lo1172_H",16,0.0213607119485841,3.64507184720329,0.0142401436884356,36.674443170794,6.32439846307072,5.50614385945751,347.502215612747,623.526923537378,4521.10763107122,-252.170335561857,5000.65164207868,8.75741577241288,0.28,-0.846589403500761
"149","Lo1203_H",16,0.0228605170801802,3.67407776620434,0.0145745840180702,22.0806534085096,2.82509466739377,3.94469028373364,352.508673683997,724.298093691633,5953.73033014522,-439.690081969277,6057.90666034037,11.5780392906249,0.58,-0.581342175788448
"150","Lo1223_H",16,0.021660417587874,3.34148405364544,0.0150249790971708,65.84634115675,6.21767562889029,5.01854460665181,338.647958233027,707.478615421158,5126.70743101505,-313.476956673098,5787.42895208505,11.2819346080061,0.34,-0.838499812669884
"151","Lo1242_H",15,0.0210181041416953,3.319805282141,0.0137825312362031,57.8065925619304,2.60763352684882,3.75448887717131,369.838337622336,666.555754556506,4810.92220755833,-391.143733385834,5685.90431832507,10.1274732337003,1.38,-0.564858621335141
"152","Lo1251_H",16,0.0222021493797325,3.3862963529727,0.0145722452823274,60.4962876294698,6.36566585057206,5.01924860546102,399.825745421754,690.370158881109,5674.84270600272,-477.066813933894,6274.53477037273,11.1512260513266,0.39,-0.849717471473362
"153","Lo1253_H",17,0.0249049975883289,3.48436126150526,0.0151034673125204,41.8351179651386,5.28854064675533,5.20615353424979,417.068900353877,624.175041418915,5073.74647678906,-366.350638856433,5246.43055702097,10.4649498566185,0.61,-0.768071381024054
"154","Lo1261_H",16,0.0237357575670189,3.41402388107461,0.0161312279000263,66.8937826058375,4.21262812219157,4.42284153592503,358.657885858494,646.539015330049,5456.78928938561,-304.899647776307,5538.44030038434,9.57480404864793,0.09,-0.686517211662121
"155","Lo1266_H",17,0.0185806655969788,3.71385650606282,0.0132405883400941,51.2283347541587,5.71903813517545,5.16337810285477,380.455156136616,560.424850743608,4574.89212088867,-273.693125268118,4551.32083145418,7.69856040668404,0.37,-0.800703090646299
"157","Lo1273_H",16,0.0244876028942557,3.28998531256404,0.0154196452067316,45.6364735223281,3.81235462737822,5.09056934688869,398.852812428845,515.026229579531,4115.51232591541,-264.692730281362,4619.55350564202,6.78545879988227,0.04,-0.656176480755269
"158","Lo1274_H",16,0.0218966367130543,3.7574410935958,0.014820105607261,28.4860323050104,5.56723917294106,5.37466298599258,378.572169502162,630.516182678244,4303.96622165832,-404.394100250682,5396.55278392805,10.8413382680371,0.64,-0.789196729308932
"159","Lo1280_H",16,0.0205914523787596,3.34776503144685,0.0132352043561153,53.6940153406191,3.62249987381209,4.17789617671059,402.105812903795,601.641581321271,3920.04974307032,-308.762480124454,4646.49918340718,8.57832394354604,0.4,-0.641785490434956
"160","Lo1282_H",16,0.0211715132841426,3.48485895026573,0.0147573984133492,52.8102964215153,4.21499414664494,4.64434968239384,406.036912418866,654.959864634215,5383.77008729325,-353.352931457999,5045.68246419591,9.9675019987737,0.15,-0.686696556315687
"161","Lo1284_H",16,0.0211116847014127,3.65485582326725,0.0145733324133373,47.8781938166165,3.94877522743716,4.4868457932571,380.780412826324,639.27352740009,4248.48448629759,-368.420933776902,5198.71117065511,9.70726303192962,0.66,-0.666517162239737
"164","Lo1301_H",16,0.0215320044058457,3.4505554065525,0.0140535111353281,58.4048680034488,4.01147646403766,4.38992520833783,327.038656719119,747.714464927731,6146.21290170595,-355.239191243731,5700.42373438342,11.0571836514184,0.83,-0.671269915974055
"166","Lp5_H",16,0.0210514360678465,3.46872937241233,0.0137869481068562,57.6348810568757,6.08038044764624,5.03510012685747,343.713780250434,730.426524744366,5113.03035340363,-382.592564076236,5495.71078201409,8.5261263382362,0.67,-0.828092837931585
"167","ML606_H",16,0.0252197829898389,3.13486975249814,0.0170256172984059,68.638453797129,8.72164155452953,6.09858054290009,393.450039193718,605.324856628121,4453.32235061935,-332.361672899693,5044.86026208693,6.74208611150052,0.37,-1.02830042983334
"170","MS153_H",16,0.0245096147282706,3.36652454571721,0.0157494435129443,55.7883835082225,5.62520822345961,5.54774291120763,380.079567560354,523.17069064449,4300.46307709771,-365.712886043755,4444.78949578976,4.41335642831926,0.02,-0.793590783338239
"171","MS71_H",16,0.0255410773358818,3.05435488762561,0.0159788166395807,70.7658691496268,5.04085563150163,4.67759499593219,363.759393038528,519.192442379189,4357.93297557804,-377.907661055216,4920.24694773805,5.77084581252406,0.19,-0.749296856867824
"172","N16_H",16,0.0209089781419751,2.98840297846376,0.0130698417573655,53.4464193837259,3.83905847886136,3.79881563391049,309.511878044314,574.353367762378,4233.27718801633,-290.976358309741,4689.64877396166,9.28109891569913,0.36,-0.658200632697691
"173","N192_H",16,0.0246820893527768,3.68940756573242,0.0147736690063078,30.9278332935643,3.22523562254163,4.12274778705608,358.208100205717,575.526615706153,4585.63019839097,-320.409011110468,5335.51503842754,8.14269629043827,0.65,-0.611672860188656
"175","N25_H",16,0.0223452367607605,3.40832930886891,0.0145733324133373,47.8781938166165,4.32865521614384,4.37793135956361,366.407059400707,478.289960979886,4036.76727067024,-391.606488159776,4635.65360663907,9.12218290963133,0.73,-0.695312065383703
"176","N6_H",17,0.025661615218364,3.15540355866325,0.0163954197133681,68.6421374051755,5.62139126842805,4.55374726481893,353.807923047757,508.175303489008,4288.99956144723,-238.488450742432,4084.0114287627,7.29690433083706,0.37,-0.793301458146846
"177","NC290_H",17,0.021575981913116,2.98502940279913,0.0139357714274745,60.4455828306099,5.66064920943758,4.75871292185515,383.902668373266,633.810507082086,5209.92236821475,-408.959194333953,4745.94033747197,10.3095743144952,1.19,-0.796277210075368
"178","NC358_H",17,0.0252744981270595,3.75626727381396,0.0184410732456489,48.2746420638177,4.14072643456774,4.28872266790006,340.438236394142,682.682892811913,5299.24653163795,-434.273477438313,5881.31448136918,12.9952967037467,0.56,-0.681067063740235
"179","NDB8_H",17,0.0216000241879196,3.24475393197796,0.0141374532771113,53.8130601280701,4.20186757969432,3.73709832946854,352.171722840724,499.788826027995,3144.48443657859,-223.770427556544,3162.77890770113,4.90963144711441,0.87,-0.68570156254083
"180","NK764_H",15,0.0250274001606727,3.35511676038612,0.0163954197133681,68.6421374051755,3.97211591011738,4.32718778372837,346.009969537267,539.894617320947,4459.22391125285,-367.907972533187,5815.9403913172,9.19196054119698,0.73,-0.668286385986897
"181","NK807_H",15,0.0230208847997968,3.29929702188217,0.0155002764926992,71.0535273491747,4.03715096356822,4.93754843770007,347.971181889772,523.503219431864,4238.36190952114,-308.06024492415,4780.40623813258,6.84720541833912,0.45,-0.673216043038471
"182","NQ508_H",16,0.023317588854021,3.44393844423077,0.0163954197133681,68.6421374051755,5.21465600883191,4.69310453530874,378.118628901287,588.737707481641,4968.94625114505,-391.835028196685,5479.16757838715,9.80295460669132,0.46,-0.762470925469459
"183","NS701_H",17,0.0229464442095643,3.55836440387389,0.0158859892790324,52.5776230833443,4.30868755206424,4.91893766796645,358.158885623932,603.347842369392,4759.44150378647,-279.219643210938,4798.94944559303,8.16048641829978,0.51,-0.693798516446469
"184","Oh02_H",16,0.0242743045682333,3.05352071786842,0.0163954197133681,68.6421374051755,6.22372567878617,5.3250438612161,408.869678936039,584.918803435518,4936.71470099577,-321.406772870677,4801.75344492382,8.58937659967782,0.23,-0.838958406451991
"185","Oh33_H",16,0.0246965746135324,3.40713014940461,0.0157494435129443,55.7883835082225,5.96937926580735,5.56808363558199,382.15703417816,585.579603164238,4942.29185070617,-341.855393869423,4949.25016330285,8.9803926352143,0.16,-0.819678948348197
"187","Oh43_H",15,0.0224668014061485,3.38321326550588,0.0142305486756399,59.9364543499858,5.93668502048506,6.00497826081616,387.811847615607,569.641256552528,4511.20261133519,-413.627408052573,5591.16721049676,8.85931271985753,0.59,-0.817200724552767
"188","Os426_H",16,0.0222489839249161,3.48300724206349,0.0147991382657146,58.8787893963363,4.42563910035465,4.68824930393115,377.189589446867,487.303172136306,4003.03472235586,-263.897775057515,4133.71384237357,5.70988823170177,0.18,-0.702663443806883
"189","P465P_H",15,0.021712898402891,3.28064117723604,0.0144583288351637,69.1136191275252,4.96336280771355,5.31699563542354,325.146081771645,546.103254859751,4488.96875494715,-383.356424758461,5532.81898749524,8.99299490992468,0.82,-0.743422900824687
"190","Pa36_H",15,0.0220505014814898,3.51922352717681,0.0142401436884356,36.674443170794,3.15355841475009,4.28911467414853,296.6343887835,438.137741096596,3342.12110535266,-253.819453756774,3767.92711445895,4.8355846229656,0.46,-0.606239727838057
"191","Pa405_H",16,0.0212515974966591,3.00507744646837,0.0137231229967788,62.3730163990364,4.92019547619526,4.74235635818774,368.501605786564,550.844567908548,4172.8484010835,-262.734942002207,4095.54448220147,7.75107397206421,0.88,-0.740150817095601
"192","Pa91_H",16,0.0220808375871232,3.16295589120319,0.0144583288351637,69.1136191275252,6.27429202024295,5.22511427990994,383.769118367462,600.935470961167,5071.89537491225,-459.731052510045,5457.45391384764,9.55366623403556,0.19,-0.842791335134415
"193","PB116_H",16,0.0219688096599774,3.30145203291541,0.0146066042890308,55.3022779883325,3.1181707495823,3.75152505934131,308.909662168488,485.948725128163,3893.367125539,-231.901088462328,3798.42782114685,7.57295706460492,0.62,-0.603557342818339
"194","PB98TR_H",16,0.0232754689610317,3.28910524323602,0.0147541028083473,49.5351938715176,5.60693709938202,4.97021266721164,364.357919193093,514.503059114199,3936.94505222274,-339.418326687011,4178.43490734946,6.93658716874602,0.34,-0.792205832133157
"195","PH207_H",15,0.0233151668734844,3.40911847415873,0.0155817414952928,54.5010952372798,4.40657695782104,4.09803482316613,426.494639176512,604.708770313215,4053.65645019416,-349.185238846718,4948.1536948931,7.26216075384496,0.14,-0.701218533402835
"196","PHB09_H",16,0.0247061165548843,3.14562993664349,0.0163954197133681,68.6421374051755,6.33419572356462,5.5387243817079,372.643320040742,612.562617700765,4122.66268691864,-345.208066902471,4947.05124557661,8.61351797398101,0.41,-0.847332035846198
"197","PHG35_H",16,0.0218628503520418,3.24966013299227,0.0142305486756399,59.9364543499858,3.29054115254887,4.37637143383347,386.059486335875,573.40270136069,4839.51879948422,-374.905382381412,5256.21756769763,7.18121638350642,0.37,-0.616623019363205
"198","PHG39_H",17,0.0215319615703035,3.66143389250244,0.0134230899527951,18.4097654248907,4.54004918618257,4.82399535173498,360.88257332688,622.964247955852,4370.27248965592,-310.058232927575,4671.90734194201,7.58945482745082,0.32,-0.711335728312639
"199","PHG47_H",15,0.0236218781276825,3.27121247580828,0.0158859892790324,52.5776230833443,6.21775269893921,5.46791248143956,333.839085963485,606.533961431564,5119.1466344824,-470.228749756852,5572.51616391798,8.02792035378406,0.46,-0.838505654579593
"200","PHG50_H",15,0.0231350404347961,3.29263925656505,0.0151014572403411,68.2979520209128,6.01152504257175,4.61916885238532,350.079505608371,648.212091754191,4338.47626083132,-377.754560023721,5343.53104859986,8.14706055027263,0.3,-0.822873598226939
"201","PHG71_H",16,0.0245557051917477,3.37927806421782,0.0163954197133681,68.6421374051755,3.70112792758617,4.8619539448907,373.468081483421,508.871670775382,3734.28592128097,-271.530122994962,4551.49706156337,6.23848640940307,0.32,-0.647745496911032
"202","PHG80_H",17,0.0229848327269993,3.20588980912748,0.0149578126516282,58.3820809780532,3.8460219793152,4.10567026414398,451.941424617401,682.939233620336,4400.42366784476,-416.362113659458,5010.79929468388,8.09724462261027,0.74,-0.658728466032092
"203","PHG83_H",17,0.024104781160814,3.11926837532031,0.0149578126516282,58.3820809780532,6.14666993996136,4.06868266259217,432.798726038022,581.045622072628,4776.195013437,-376.921837798911,4628.20664514743,10.6767127336561,0.17,-0.833117581449071
"204","PHG84_H",16,0.0214091893863802,3.25172276113254,0.0142305486756399,59.9364543499858,6.09040649640282,4.98869150542037,390.427110805288,574.53970220019,4722.71635208556,-354.284442762643,5215.62037728566,10.8414910552295,0.8,-0.828852812427334
"205","PHG86_H",16,0.02214991168806,3.39228932203702,0.0144694222662986,54.3994940791931,4.32860472694771,4.69293340243472,345.611559167857,695.889635620581,5080.06226978131,-395.133664986069,5664.8174431533,7.91164879645475,0.35,-0.695308238302636
"206","PHH93_H",16,0.0233421509908619,3.60007671109174,0.0151034673125204,41.8351179651386,5.63014399389248,4.33096097301284,360.943919127219,566.384440606069,4655.68010178189,-377.635464571412,4914.85039431227,7.51435394832651,0.4,-0.79396491473705
"207","PHJ40_H",15,0.0234890194143135,3.25345902038738,0.0144513773543659,55.0080785327783,5.00634142253126,4.09254376582091,356.493297799998,634.044380963927,4411.18413662528,-402.831810622824,5124.71999982702,7.19051035487906,0.12,-0.74668067982787
"208","PHK29_H",16,0.0236280283887602,3.51513020548778,0.0166276791720873,52.8150283333527,4.64296194188446,5.28590081171443,421.481253175153,659.278412653586,5419.26855201248,-411.055941793696,5788.93594037629,10.0995706602421,0.5,-0.719136515194842
"209","PHK76_H",15,0.0214054147580969,3.23583595712528,0.0144583288351637,69.1136191275252,4.38117919885347,4.49818326680781,371.564487234375,603.70079100845,4482.07928312779,-305.074638165527,4850.72743409622,7.78630934754983,1.09,-0.699293383273093
"210","PHR36_H",16,0.0214048469709265,3.56682553161199,0.014274563049502,45.2863801688063,5.09959732676641,4.45547847271314,333.091605551445,624.26288554431,4451.91536337627,-341.291356506338,5400.5721441388,10.1020030137688,0.31,-0.753749477368894
"211","PHT77_H",16,0.0227792629074801,3.60857567106593,0.0163954197133681,68.6421374051755,7.46455801174992,6.04949847223349,330.56309641761,564.807311109591,4635.17715126025,-424.301614480656,5645.6018142835,10.9459687152841,0.97,-0.933013497290644
"212","PHV63_H",16,0.021453292324258,3.35024545434959,0.0136054577878092,38.9296432987737,5.56788022853834,4.81504868622591,338.18381037004,713.386307674823,5009.71555752118,-353.596067312809,5636.35508279652,9.12885160497644,0.62,-0.789245321323206
"213","PHW65_H",16,0.0208525788284781,3.23443473325511,0.0135170036780999,64.4738807585514,4.6188801260463,4.05209931827349,355.031595568232,627.640916131819,4961.21146041537,-357.108765453898,4886.94518944627,8.4469222762209,0.32,-0.71731111355431
"214","PHZ51_H",17,0.0247975619495486,3.44125261624687,0.0176034536787238,73.8440190712488,9.71055456623288,7.2900722024131,348.306077613217,611.684206809535,5028.04417997438,-403.701281852722,5383.47042792179,11.3769555072326,0.58,-1.10326003612045
"217","UH_2500_H",15,0.0227056556091142,3.29014843223145,0.0145662470244205,62.4585401527928,4.90754242405539,4.64796566147509,322.830930367842,475.212987076838,3906.25075377161,-279.697204309438,4235.28485598493,5.76578320660901,0.22,-0.739191715743398
"218","UH_6102_H",15,0.0219086540295248,3.5117798656696,0.0153035892130808,62.7763987093022,5.04680803364652,4.37397726874995,317.284846273263,550.82918266761,4107.39046226332,-363.276879386878,5166.81470400812,7.32063656448017,0.37,-0.749748048950406
"219","UH_6179_H",16,0.0235130327150984,3.37321017168543,0.014982850098208,60.3655729063548,3.58563389989621,4.17230362694224,388.471347305654,539.433205922965,4434.14095268677,-347.258983168295,4916.55228500621,8.12224896865019,0.31,-0.638991049612133
"220","UH_P024_H",15,0.023370043169178,3.40817423924137,0.0155817414952928,54.5010952372798,3.88498438415619,3.31403476988267,360.048129815425,556.030306959639,4292.23945105381,-335.988973946825,5320.58590870701,8.77121862802446,0.49,-0.66168181631904
"221","UH_P060_H",16,0.026231556873185,3.52219354312802,0.0181004216108314,56.9491095709248,4.76068151283139,5.19773733376502,347.654483331597,521.010944194128,4282.70996127573,-334.840565950068,4746.98724299843,7.56965211016879,0.5,-0.72805965867262
"222","UH_P064_H",15,0.0228538623821284,3.68684691695671,0.0151034673125204,41.8351179651386,7.76927470789619,5.7375634605324,363.912637519593,619.51108116215,4063.11897503075,-342.528804568234,4741.00786419371,4.93252162910677,0.23,-0.956111022858531
"223","UH_P074_H",16,0.0244798440013946,3.83120518907064,0.0156483773616275,22.7289661536731,5.10618792384976,4.40856277175785,356.909988407454,585.811601659218,3737.24289538883,-247.995738644892,4003.65307444763,5.79579869332025,0.72,-0.754249044627812
"224","UH_P087_H",15,0.0257451694232675,2.9222669148903,0.0159788166395807,70.7658691496268,5.03148315468924,4.12551828741931,351.526844378614,557.503731810417,3873.70931524382,-323.702958255365,4677.4077500403,5.72969764788599,0.48,-0.748586423125444
"226","UH_P104_H",16,0.0257205965562947,3.4241362405721,0.0157423162162182,34.8805177885072,6.15822514139478,5.28809444899294,353.781401110687,493.412511511733,4164.40159715903,-325.62198739341,4663.3655190938,6.97198490340543,0.64,-0.833993465717724
"227","UH_P115_H",15,0.0235396337784361,3.51698573277676,0.015639643559419,55.081816937529,8.11582497989904,5.73369187735935,365.531016317652,518.459057111232,4375.7944420188,-386.932471787467,5616.75784048228,8.33141702029474,0.49,-0.982379533476347
"228","UH_P128_H",16,0.0237964172933903,3.28865559468872,0.0151014572403411,68.2979520209128,6.33506602682608,5.49110776821223,391.370022990864,571.241361564022,3851.74418776173,-290.426683864975,4669.40442650428,7.69784309463935,0.19,-0.847398004833417
"229","UH_P148_H",15,0.0253543741896065,3.18370891866143,0.0163954197133681,68.6421374051755,7.22269613525378,5.3680880511808,356.120341576886,607.169083112882,3667.33224971226,-313.202841488231,4769.47742895835,6.51619780134985,0.5,-0.914680367052237
"230","UH_S018_H",16,0.0234628506361825,3.44109994928866,0.0163954197133681,68.6421374051755,4.28052542617939,4.25639024548046,320.700822472908,716.057603469618,4580.19665811665,-350.878377683668,5598.77077702268,9.84295291362546,0.14,-0.691663827304398
"231","UH_S020_H",16,0.023846510012676,3.5307798664757,0.0157494435129443,55.7883835082225,5.35124569311606,4.59759968615879,364.861890436129,565.908274112944,4318.72296561043,-332.891332265885,5086.50611362099,7.13104444806606,0.13,-0.772824423538197
"232","UH_S025_H",17,0.0237155811862677,3.38136489094125,0.0157494435129443,55.7883835082225,5.61220909803797,5.6972651864403,278.59091570526,651.722594909908,4083.17521202704,-160.294134711209,4136.36671831424,8.90751082855887,0.25,-0.792605449631278
"233","UH250_H",16,0.0219101390804402,3.34584616464829,0.0137869481068562,57.6348810568757,7.10950675339226,5.572282926575,340.317549907913,654.166630553484,3892.92080555528,-227.667356676159,4207.45365012644,6.41263381258365,0.68,-0.906100611907133
"234","UH304_H",14,0.0245097904547903,3.18156858341559,0.0147964552318829,62.4051573654816,7.9345196845333,5.16508668247354,336.062973359233,529.386688372552,4324.10222539778,-394.016031776864,5835.31042891746,9.18229794538567,0.15,-0.968636592087624
"236","W117_H",15,0.0218499553211868,3.56609817785585,0.0147991382657146,58.8787893963363,4.09622756891438,5.14513966395516,374.918137219081,488.663524398373,3872.20317275468,-317.125838306992,4461.40340658576,6.37577291851243,0.31,-0.677694049723711
"237","W153R_H",16,0.0242811971991766,3.41428017229591,0.0161312279000263,66.8937826058375,5.06682133681537,4.73108338696738,375.687580428328,640.281656562043,3765.45576884234,-178.713874137869,3796.4931326332,7.76046156547069,0.12,-0.751265057330605
"238","W182E_H",15,0.0232953982948087,3.09742731079149,0.0146848541665537,70.5990529418993,3.83377995360584,4.94029911840603,370.120325134562,468.361483017751,3231.46316915905,-269.993341086556,3913.86173526724,4.56908745639759,0.68,-0.657800520483323
"241","W604S_H",17,0.0246280109660027,3.57790993259341,0.0157336648975582,42.9048625746676,5.20724600704736,5.02133732534858,366.36637859303,486.704345784504,3834.73515754208,-233.161421063097,3703.29290964313,7.37188959923951,0.79,-0.76190924733419
"243","W9_H",16,0.0263999310628367,3.44932331767513,0.016941698862914,50.1451391321967,4.45697863970523,4.54769623613838,309.785905261711,589.049925279441,4117.27240973225,-412.22774856838,4785.59038134791,5.9375696385955,0.35,-0.705038980889656
"244","W95115_H",16,0.0231660346780095,3.26366277723561,0.0149578126516282,58.3820809780532,7.67148073379746,5.51289663902907,367.637285823748,465.109939140828,3823.20369973761,-303.363899491406,4300.50129137783,7.91318579662796,0.85,-0.948698239621847
"245","Wf9_H",16,0.0240739686726161,3.16501813081969,0.0163796410979821,56.2790956621443,3.88280200024272,5.14694797064012,389.17693349996,513.143986656336,4260.85363617836,-360.121752108606,4818.95943277204,7.768815808814,0.68,-0.661516391618399
